,road,count
15,忠孝東路,756
21,民權東路,666
18,承德路,642
11,基隆路,551
24,羅斯福路,421
26,興隆路,337
10,和平東路,307
8,南京東路,303
6,八德路,282
5,內湖路,272
2,中華路,228
22,民權西路,214
14,建國北路,164
1,中正路,152
27,西園路,151
4,光復南路,132
20,民族東路,91
9,南京西路,80
25,至善路,54
7,公園路,53
12,塔悠路,42
3,健康路,38
19,杭州南路,36
28,逸仙路,34
16,愛國東路,25
13,寶慶路,17
17,承德橋,13
23,立賢路,12
0,中山橋,6
